﻿<?xml version="1.0" encoding="UTF-8"?>
<?xml-stylesheet type="text/xsl" href="complex.xsl"?>

<news_index>

<news>

<header>
  <category list="음식"/>
  <title>화성시, 먹거리·볼거리 ‘동탄야시장 여울놀장' 개장</title>
</header>

<body>
<picture  file="http://www.m-i.kr/news/photo/201909/638090_431127_5821.jpg" />
<summary>‘시민이 참여하는 가족형 야시장’ 특화해 운영</summary>
</body>

<foot>
<repoter>
<name>차영환</name>
<email address="ccc0909@naver.com">ccc0909@naver.com</email>
</repoter>
<dateTime>
   <date><year>2019</year><month>09</month><day>10</day></date>
   <time clock="PM">09: 43 PM</time>
</dateTime>
<hashtag >
<word>#야시장</word>
<word>#동탄</word>
<word>#음식</word>
</hashtag>
</foot>

<original_address address="http://mm.sookmyung.ac.kr/~it1816373/news_simple1.xml"/>

</news>

<news>

<header>
  <category list="음식"/>
  <title>야탑 맛집 쿠우쿠우 가볼만한곳으로 손꼽혀</title>
</header>

<body>
<picture  file="http://www.goodnews365.net/news/photo/201910/125411_120569_4002.jpg" />
<summary>10월 하면 가볼 만한 곳으로 제주도를 많이 찾는 사람들이 늘어난다. 명소가 많을뿐더러 카멜리아힐에 이맘때쯤 핑크뮬리가 만개하기 때문에 SNS와 인생 사진, 추억을 남기기 위해 친구들과 또는 가족, 연인과 여행을 가는 사람들이 많다. </summary>
</body>

<foot>
<repoter>
<name>윤상원</name>
<email address="ccc0909@naver.com">ccc0909@naver.com</email>
</repoter>
<dateTime>
   <date><year>2019</year><month>09</month><day>10</day></date>
   <time clock="PM">09: 43 PM</time>
</dateTime>
<hashtag>
<word>#쿠우쿠우</word>
<word>#야탑</word>
<word>#음식</word>
</hashtag>
</foot>

<original_address address="http://mm.sookmyung.ac.kr/~it1816373/news_simple2.xml"/>

</news>

<news>

<header>
   <category list="스포츠"/>
   <title>여자배구, 적지에서 일본에 역전승…2연패 탈출</title>
</header>
<body>
   <picture  file="손흥민.jpg" />
   <summary>여자 월드컵서 3-1로 승리</summary>
</body>
<foot>
 <repoter>
   <name>이찬영</name>
   <email address="lcy100@hani.co.kr">lcy100@hani.co.kr</email>
</repoter>
   <dateTime>
      <date><year>2019</year><month>09</month><day>16</day></date>
      <time clock="PM">10: 39 AM</time>
    </dateTime>
<hashtag >
   <word>#배구</word>
   <word>#김연경</word>
   <word>#FIVB</word>
</hashtag>
</foot>
<original_address address="http://mm.sookmyung.ac.kr/~it1816373/news_simple2.xml"/>

</news>

<news>

<header>
   <category list="스포츠"/>
   <title>손흥민, BBC 선정 주간 베스트 11</title>
</header>
<body>
   <picture  file="손흥민.jpg" />
   <summary>손흥민, 이번년도 프리미어리그 최고 선수로 뽑혀</summary>
</body>
<foot>
 <repoter>
   <name>이찬영</name>
   <email address="lcy100@hani.co.kr">lcy100@hani.co.kr</email>
</repoter>
   <dateTime>
      <date><year>2019</year><month>09</month><day>16</day></date>
      <time clock="AM">09: 44 AM</time>
    </dateTime>
<hashtag >
   <word>#축구</word>
   <word>#손흥민</word>
   <word>#프리미어리그</word>
</hashtag>
</foot>
<original_address address="http://mm.sookmyung.ac.kr/~it1816373/news_simple2.xml"/>

</news>

<news>

<header>
  <category list="여행"/>
  <title>한국은 삼계탕, 스페인은 가스 파초!</title>
</header>

<body>
<picture  file="http://www.ktnbm.co.kr/news/photo/201909/31715_43796_455.jpg" />
<summary>이색적인 보양식</summary>
</body>

<foot>
<repoter>
<name>김하연</name>
<email address="hatkhy0415@gmail.com">hatkhy0415@gmail.com</email>
</repoter>
<dateTime>
   <date><year>2019</year><month>09</month><day>6</day></date>
    <time clock="PM">17:26 PM</time>
</dateTime>
<hashtag >
<word>#보양식</word>
<word>#가스파초</word>
<word>#삼계탕</word>
</hashtag>
</foot>

<original_address address="http://mm.sookmyung.ac.kr/~it1814634/index.htm/simplepractice2.xml"/>

</news>


<news>

<header>
  <category list="여행"/>
  <title>유리처럼 반짝반짝 ‘시애틀’</title>
</header>

<body>
<picture  file="http://www.ktnbm.co.kr/news/photo/201909/31800_43962_04.jpg" />
<summary>제1회 유리공예 페스티벌 개최</summary>
</body>

<foot>
<repoter>
<name>김하연</name>
<email address="hatkhy0415@gmail.com">hatkhy0415@gmail.com</email>
</repoter>
<dateTime>
   <date><year>2019</year><month>09</month><day>30</day></date>
    <time clock="PM">00:02 AM</time>
</dateTime>
<hashtag >
<word>#시애틀</word>
<word>#유리 공예</word>
<word>#예술</word>
</hashtag>
</foot>

<original_address address="http://mm.sookmyung.ac.kr/~it1814634/index.htm/simplepractice1.xml"/>

</news>

<news>

<header>
  <category list="날씨"/>
  <title>쌀쌀해지는 날씨, 모자로 스타일과 보온성 '일거양득'</title>
</header>

<body>
<picture  file="http://www.m-i.kr/news/photo/201909/638090_431127_5821.jpg" />
<summary>전년 대비 15%가량 증가한 9월 모자 매출</summary>
</body>

<foot>
<repoter>
   <name>이찬영</name>
   <email address="lcy100@hani.co.kr">lcy100@hani.co.kr</email>
</repoter>
<dateTime>
   <date><year>2019</year><month>09</month><day>29</day></date>
    <time clock="AM">00: 31 AM</time>
</dateTime>
<hashtag >
<word>#가을</word>
<word>#패션</word>
<word>#모자</word>
</hashtag>
</foot>

<original_address address="http://mm.sookmyung.ac.kr/~it1814392/www_1/%ED%99%8D%EC%86%8C%ED%98%84_01_xsl1.xml"/>

</news>

<news>

<header>
  <category list="날씨"/>
  <title>비 오는 날에 부침개와 막걸리가 생각나는 이유?</title>
</header>

<body>
<picture  file="http://www.m-i.kr/news/photo/201909/638090_431127_5821.jpg" />
<summary>비오는 날의 부침개와 막걸리! 두 음식이 끌리는 이유는 무엇일까</summary>
</body>

<foot>
<repoter>
   <name>이찬영</name>
   <email address="lcy100@hani.co.kr">lcy100@hani.co.kr</email>
</repoter>
<dateTime>
   <date><year>2019</year><month>06</month><day>28</day></date>
    <time clock="PM">13: 34 PM</time>
</dateTime>
<hashtag >
<word>#비오는날</word>
<word>#막걸리</word>
<word>#부침개</word>
</hashtag>
</foot>

<original_address address="http://mm.sookmyung.ac.kr/~it1814392/www_1/%ED%99%8D%EC%86%8C%ED%98%84_02_xsl1.xml"/>

</news>

<news>
<header>
   <category list="연예"/>
   <title>볼빨간사춘기, 10일 새 앨범 'Two Five' 발매…타이틀곡은 '워커홀릭'</title>
</header>

<body>
   <picture file="http://www.m-i.kr/news/photo/201909/637104_430312_4255.jpg"/>
   <summary>볼빨간사춘기</summary>
</body>

<foot>
<repoter>
   <name>강미화</name>
   <email address="kangpd@m-i.kr">kangpd@m-i.kr</email>
</repoter>
<dateTime>
   <date><year>2019</year><month>09</month><day>10</day></date>
    <time clock="PM">09: 43 PM</time>
</dateTime>

<hashtag>
<word>#볼빨간사춘기</word>
<word>#신곡</word>
<word>#워커홀릭</word>
</hashtag>
</foot>

<original_address address="http://mm.sookmyung.ac.kr/~it1814392/www_1/%ED%99%8D%EC%86%8C%ED%98%84_01_xsl1.xml
"/>

</news>

<news>
<header>
   <category list="연예"/>
   <title>'카카오M' 영화도 찍는다…영화사 월광·사나이픽처스 인수 </title>
</header>

<body>
   <picture file="http://image.news1.kr/system/photos/2014/8/2/960628/article.jpg"/>
   <summary>영화 제작으로 사업 확장…오리지널 영상 콘텐츠 사업 '박차</summary>
</body>

<foot>
<repoter>
   <name>남도영</name>
   <email address="hyun@news1.kr">hyun@news1.kr</email>
</repoter>
<dateTime>
   <date><year>2019</year><month>09</month><day>17</day></date>
    <time clock="AM">06 : 24 PM</time>
</dateTime>

<hashtag>
<word>#영화</word>
<word>#카카오M</word>
</hashtag>
</foot>

<original_address address="http://mm.sookmyung.ac.kr/~it1814392/www_1/%ED%99%8D%EC%86%8C%ED%98%84_02_xsl1.xml"/>

</news>

<news>
<header>
   <category list="공연"/>
   <title>세계 전자 음악축제 ‘일렉트릭 데이지 카니발’ 한국서 처음 열린다 </title>
</header>

<body>
   <picture file="http://www.segye.com/newsView/20190423511708?OutUrl=naver.jpg"/>
   <summary>‘일렉트릭 데이지 카니발 코리아’(Electric Daisy Carnival Korea·사진)가 오는 8월 31일과 9월 1일 과천 서울랜드에서 열린다.</summary>
</body>

<foot>
<repoter>
   <name>이복진 </name>
   <email address="kingbj@news.com">kingbj@news.com</email>
</repoter>
<dateTime>
   <date><year>2019</year><month>04</month><day>25</day></date>
    <time clock="AM">08 : 56 AM</time>
</dateTime>

<hashtag>
<word>#EDC Korea</word>
<word>#세계축제</word>
</hashtag>
</foot>

<original_address address="http://wkadlf05.dothome.co.kr/강민지11.xml"/>

</news>

<news>
<header>
   <category list="연예"/>
   <title>체인스모커스 내한 공연, 모두를 홀린 EDM의 향연 </title>
</header>

<body>
   <picture file="http://image.news1.kr/system/photos/2014/8/2/960628/article.jpg"/>
   <summary>일렉트로닉 팝 듀오 체인스모커스가 EDM으로 체조경기장을 제대로 물들였다</summary>
</body>

<foot>
<repoter>
   <name>이지은</name>
   <email address="alice09@newspim.com">alice09@newspim.com</email>
</repoter>
<dateTime>
   <date><year>2019</year><month>09</month><day>09</day></date>
    <time clock="AM">10 : 56 AM</time>
</dateTime>

<hashtag>
<word>#체인스모커</word>
<word>#EDM</word>
</hashtag>
</foot>

<original_address address="http://wkadlf05.dothome.co.kr/강민지22.xml"/>

</news>

</news_index>